Объект,Оборудование,Тип,ПериодДней,ПоследнееТО,Ответственный
"Усть-Каменогорск, АМТС/Ед.гермозоны","ЭПУ-1 Vertiv 48/1600 стойка-1,2 (инв. 1300158175480000)",ЩПТ/ВУ,180,2026-06-19,Галиев Д.Р.
"Усть-Каменогорск, АМТС/Ед.гермозоны","ЭПУ-2 Vertiv 48/1600 стойка-1,2 (инв. 1300155370770000)",ЩПТ/ВУ,180,2026-06-19,Галиев Д.Р.
"Усть-Каменогорск, АМТС/Ед.гермозоны",ЭПУ-3 PS48/600 EMERSON,ЩПТ/ВУ,180,2026-06-19,Галиев Д.Р.
"Усть-Каменогорск, АМТС/Ед.гермозоны",ЭПУ-4 PS48/600 EMERSON (инв. 130013589033),ЩПТ/ВУ,180,2026-06-19,Галиев Д.Р.
"Усть-Каменогорск, АМТС/Ед.гермозоны",КС-УЭПС-2К 24В/48А Авар. осв.,ЩПТ/ВУ,180,2026-06-19,Галиев Д.Р.
"Усть-Каменогорск, АМТС/Ед.гермозоны",ЭПУ -60В/24А.,ЩПТ/ВУ,180,2026-06-19,Галиев Д.Р.
"Усть-Каменогорск, АМТС/Ед.гермозоны","КС-УЭПС-2К 24В/48А ГО., ЧС.",ЩПТ/ВУ,180,2026-06-19,Галиев Д.Р.
"Усть-Каменогорск, АМТС/Ед.гермозоны",зарядное КС-УЭПС-5 48В/528 (№ 010) (инв. 130024640),ЩПТ/ВУ,180,2026-06-19,Галиев Д.Р.
"Усть-Каменогорск, АМТС/Ед.гермозоны",зарядное КС-УЭПС-5 48В/528 (№ 018),ЩПТ/ВУ,180,2026-06-19,Галиев Д.Р.
"Усть-Каменогорск, АМТС/Ед.гермозоны","16OPzS 2000LA группа №1 (ЭПУ-1) (инв. 130015963867-130015963882, 130015963980-130015963987)",АКБ,90,2026-08-03,Галиев Д.Р.
"Усть-Каменогорск, АМТС/Ед.гермозоны","16OPzS 2000LA группа №2 (ЭПУ-1) (инв. 130015963988-130015963995, 130015964118-130015964133)",АКБ,90,2026-08-03,Галиев Д.Р.
"Усть-Каменогорск, АМТС/Ед.гермозоны","16OPzS 2000LA группа №1 (ЭПУ-2) (инв. 130015964134-130015964149, 130015964354-130015964361)",АКБ,90,2026-08-03,Галиев Д.Р.
"Усть-Каменогорск, АМТС/Ед.гермозоны","16OPzS 2000LA группа №2 (ЭПУ-2) (инв. 130015964362-130015964369, 130015964388-130015964403)",АКБ,90,2026-08-03,Галиев Д.Р.
"Усть-Каменогорск, АМТС/Ед.гермозоны","12OPzS 1200LA группа №3 (ЭПУ-2) (инв. 130016018256-130016018263, 130016018391-130016018406)",АКБ,90,2026-08-03,Галиев Д.Р.
"Усть-Каменогорск, АМТС/Ед.гермозоны",Ritar RL2500 группа №1 (ЭПУ-3) (инв. 130015698030-130015698055),АКБ,90,2026-08-03,Галиев Д.Р.
"Усть-Каменогорск, АМТС/Ед.гермозоны",Ritar RL2500 группа №2 (ЭПУ-3) (инв. 130015698057-130015698080),АКБ,90,2026-08-03,Галиев Д.Р.
"Усть-Каменогорск, АМТС/Ед.гермозоны",Ritar RL2500 группа №1 (ЭПУ-4) (инв. 130015998141-130015698155),АКБ,90,2026-08-03,Галиев Д.Р.
"Усть-Каменогорск, АМТС/Ед.гермозоны",Ritar RL2500 группа №2 (ЭПУ-4) (инв. 130015698185-130015698208),АКБ,90,2026-08-03,Галиев Д.Р.
"Усть-Каменогорск, АМТС/Ед.гермозоны",AGM група №1 (ЭПУ 60В/24А),АКБ,90,2026-08-03,Галиев Д.Р.
"Усть-Каменогорск, АМТС/Ед.гермозоны",AGM група №2 (ЭПУ 60В/24А),АКБ,90,2026-08-03,Галиев Д.Р.
"Усть-Каменогорск, АМТС/Ед.гермозоны",Щит АВР выпрямительной ЩО-70-88 (инв. 1300155371110000),ЩПТ/ВУ,180,2026-06-19,Галиев Д.Р.
"Усть-Каменогорск, АМТС/Ед.гермозоны","Щит распределительный №7,8,9 от АВР выпрямительной (инв. 1300155371110000)",ЩПТ/ВУ,180,2026-06-19,Галиев Д.Р.
"Усть-Каменогорск, АМТС/Ед.гермозоны","ЩПТ-1, 2 Выпрямительной (инв. 1300155369750000)",ЩПТ/ВУ,180,2026-06-19,Галиев Д.Р.
"Усть-Каменогорск, АМТС/Ед.гермозоны",ЩПТ-3 Выпрямительной (инв. 13024640),ЩПТ/ВУ,180,2026-06-19,Галиев Д.Р.
"Усть-Каменогорск, АМТС/Ед.гермозоны",ЩР-7-1 Выпрямительной (инв. 13239218),ЩПТ/ВУ,180,2026-06-19,Галиев Д.Р.
"Усть-Каменогорск, АМТС/Ед.гермозоны",ЩР-7-2 Выпрямительной (инв. 130015537116),ЩПТ/ВУ,180,2026-06-19,Галиев Д.Р.
"Усть-Каменогорск, АМТС/Ед.гермозоны",ПР №3 Выпрямительной (инв. 130015537094),ЩПТ/ВУ,180,2026-06-19,Галиев Д.Р.
"Усть-Каменогорск, АМТС/Ед.гермозоны",ЩПТ-2-1 Выпрямительной (инв. 130014174938),ЩПТ/ВУ,180,2026-06-19,Галиев Д.Р.
"Усть-Каменогорск, АМТС/Ед.гермозоны",ПР БП-1-1 Выпрямительной (инв. 130015653085),ЩПТ/ВУ,180,2026-06-19,Галиев Д.Р.
"Усть-Каменогорск, АМТС/Ед.гермозоны",Щит мониторинга Выпрямительной (инв. 130015536944),ЩПТ/ВУ,180,2026-06-19,Галиев Д.Р.
"Усть-Каменогорск, АМТС/Ед.гермозоны",Щит ввода Авар.осв. (инв. 130014174938),ЩПТ/ВУ,180,2026-06-19,Галиев Д.Р.
"Усть-Каменогорск, АМТС/Ед.гермозоны","Щит DC -60В выпрямительной, гермозоны ГС",ЩПТ/ВУ,180,2026-06-19,Галиев Д.Р.
"Усть-Каменогорск, АМТС/Ед.гермозоны","ШС, ЩР, ЩР ГП, ЩР БП корпуса 2",ЩПТ/ВУ,180,2026-06-19,Галиев Д.Р.
"Усть-Каменогорск, АМТС/Ед.гермозоны","Шкаф PDF-1, 2, 3 48В Ед.гермозоны 4 эт.",ЩПТ/ВУ,180,2026-06-19,Галиев Д.Р.
"Усть-Каменогорск, АМТС/Ед.гермозоны","PDF-1, 2 220/380В Eд.гермозоны 4 эт.",ЩПТ/ВУ,180,2026-06-19,Галиев Д.Р.
"Усть-Каменогорск, АМТС/Ед.гермозоны","PDB-4-1, 4-2, 4-3 Герм.WLL 4 эт. (инв. 130014075068)",ЩПТ/ВУ,180,2026-06-19,Галиев Д.Р.
"Усть-Каменогорск, АМТС/Ед.гермозоны","ЩО70-05УЗ П-1,3 СШ ГП (инв. 1300155369750000)",ЩПТ/ВУ,180,2026-06-19,Галиев Д.Р.
"Усть-Каменогорск, АМТС/Ед.гермозоны","ЩО70-32УЗ П-5, 7 ДГА-2 300кВт (инв. 1300155369750000)",ЩПТ/ВУ,180,2026-06-19,Галиев Д.Р.
"Усть-Каменогорск, АМТС/Ед.гермозоны","ЩО70-72УЗ П-9, 2, 11 Секц. с АВР (инв. 1300155369750000)",ЩПТ/ВУ,180,2026-06-19,Галиев Д.Р.
"Усть-Каменогорск, АМТС/Ед.гермозоны","ЩО70-05УЗ П-4, 6, 8 СШ 2-го ввода (инв. 1300155369750000)",ЩПТ/ВУ,180,2026-06-19,Галиев Д.Р.
"Усть-Каменогорск, АМТС/Ед.гермозоны",ЩАВР 1250 ЭД-600 Астра 825-400 (инв. 130014181117),ЩПТ/ВУ,180,2026-06-19,Галиев Д.Р.
"Усть-Каменогорск, АМТС/Ед.гермозоны",Д-ЩСН-1 (Щит силовой распределительный собственных нужд) (инв. 130014181117),ЩПТ/ВУ,180,2026-06-19,Галиев Д.Р.
"Усть-Каменогорск, АМТС/Ед.гермозоны",Д-ЩУК (инв. 130014181117),ЩПТ/ВУ,180,2026-06-19,Галиев Д.Р.
"Усть-Каменогорск, АМТС/Ед.гермозоны",Щит ввода ДГА 1Е300МА3 (инв. 130015537112),ЩПТ/ВУ,180,2026-06-19,Галиев Д.Р.
"Усть-Каменогорск, АМТС/Ед.гермозоны",ЩАУК (инв. 130015537112),ЩПТ/ВУ,180,2026-06-19,Галиев Д.Р.
"Усть-Каменогорск, АМТС/Ед.гермозоны",Щит ввода №1 ЩО-70-42 УЗ (инв. 1300155371110000),ЩПТ/ВУ,180,2026-06-19,Галиев Д.Р.
"Усть-Каменогорск, АМТС/Ед.гермозоны",Щит ввода №2 ЩО-70-42 УЗ (инв. 1300155371110000),ЩПТ/ВУ,180,2026-06-19,Галиев Д.Р.
"Усть-Каменогорск, АМТС/Ед.гермозоны",Щит секционного выключателя ЩО-70-72 (инв. 1300155371110000),ЩПТ/ВУ,180,2026-06-19,Галиев Д.Р.
"Усть-Каменогорск, АМТС/Ед.гермозоны",Щит ввода секции ГП ДГА-1 600кВт (инв. 1300155371110000),ЩПТ/ВУ,180,2026-06-19,Галиев Д.Р.
"Усть-Каменогорск, АМТС/Ед.гермозоны","ЩР №1, 3, 5 СШ ГП ЩО-70-10 УЗ (инв. 1300155371110000)",ЩПТ/ВУ,180,2026-06-19,Галиев Д.Р.
"Усть-Каменогорск, АМТС/Ед.гермозоны","ЩР №2, 4, 6 СШ 2го ввода ЩО-70-10 УЗ (инв. 1300155371110000)",ЩПТ/ВУ,180,2026-06-19,Галиев Д.Р.
"Усть-Каменогорск, АМТС/Ед.гермозоны","Кабельные линии и сети 0,4кВ",ЩПТ/ВУ,180,2026-06-19,Галиев Д.Р.
"Усть-Каменогорск, АМТС/Ед.гермозоны",Модульный инвертор №2 УИЦ-9000 9кВт (инв. 130015536743),ИБП,90,2026-08-03,Галиев Д.Р.
"Усть-Каменогорск, АМТС/Ед.гермозоны",Модульный инвертор №3 УИЦ-9000 9кВт (инв. 130015536952),ИБП,90,2026-08-03,Галиев Д.Р.
"Усть-Каменогорск, АМТС/Ед.гермозоны",Модульный инвертор №4 УИЦ-9000 9кВт (инв. 130015536951),ИБП,90,2026-08-03,Галиев Д.Р.
"Усть-Каменогорск, АМТС/Ед.гермозоны",Модульный инвертор №5 УИЦ-9000 9кВт (инв. 130015537047),ИБП,90,2026-08-03,Галиев Д.Р.
"Усть-Каменогорск, АМТС/Ед.гермозоны",Модульный инвертор №6 УИЦ-9000 9кВт (инв. 130016425632),ИБП,90,2026-08-03,Галиев Д.Р.
"Усть-Каменогорск, АМТС/Ед.гермозоны",Модульный инвертор №7 УИЦ-9000 9кВт (инв. 130015907246),ИБП,90,2026-08-03,Галиев Д.Р.
"Усть-Каменогорск, АМТС/Ед.гермозоны",Инверторная система SH 2704X5.6P45.A49 (инв. 130015536728),ИБП,90,2026-08-03,Галиев Д.Р.
"Усть-Каменогорск, АМТС/Ед.гермозоны",ИБП Lan Pro 6-11A,ИБП,90,2026-08-03,Галиев Д.Р.
"Усть-Каменогорск, АМТС/Ед.гермозоны",ИБП Lan Pro 6-11A,ИБП,90,2026-08-03,Галиев Д.Р.
"Усть-Каменогорск, АМТС/Ед.гермозоны","Инверторное устройство №1 13,5 кВА ELTEK",ИБП,90,2026-08-03,Галиев Д.Р.
"Усть-Каменогорск, АМТС/Ед.гермозоны","Инверторное устройство №2 13,5 кВА ELTEK",ИБП,90,2026-08-03,Галиев Д.Р.
"Усть-Каменогорск, АМТС/Ед.гермозоны","ЩВ АО, ЩАО 1-4 эт., сеть ав. Освещения",ЩПТ/ВУ,365,2026-03-19,Галиев Д.Р.
"Усть-Каменогорск, АМТС/Ед.гермозоны",Электроргенератор ЭД-600 Астра 825-400 (инв. 130014181117),ДГУ,30,2026-09-02,Галиев Д.Р.
"Усть-Каменогорск, АМТС/Ед.гермозоны",Электрогенератор 1Е300МА3 (инв. 130015537112),ДГУ,30,2026-09-02,Галиев Д.Р.
"Усть-Каменогорск, АМТС/Ед.гермозоны",STULZ ASD 341A 2шт. (инв. 130019405895),Кондиционер,180,2026-06-19,Галиев Д.Р.
"Усть-Каменогорск, АМТС/Ед.гермозоны",STULZ CCU 171A 3шт. (инв. 130017359973),Кондиционер,180,2026-06-19,Галиев Д.Р.
"Усть-Каменогорск, АМТС/Ед.гермозоны",GREE160 2шт. (инв. 130020472861 130020472862),Кондиционер,180,2026-06-19,Галиев Д.Р.
"Усть-Каменогорск, АМТС/Ед.гермозоны","Panasonic 2шт. (инв. 130017360006
130017360007)",Кондиционер,180,2026-06-19,Галиев Д.Р.
"Усть-Каменогорск, АМТС/Ед.гермозоны",Сплитсистема OTEX 7Kw (инв. 130017360069),Кондиционер,180,2026-06-19,Галиев Д.Р.
"Усть-Каменогорск, АМТС/Ед.гермозоны",LG 2шт. Серверная ЦОУ (инв. 130014040834 130014040835),Кондиционер,180,2026-06-19,Галиев Д.Р.
"Усть-Каменогорск, АМТС/Ед.гермозоны",Сплитсистема LG КСО 4 эт (инв. 130017360013),Кондиционер,180,2026-06-19,Галиев Д.Р.
"Усть-Каменогорск, АМТС/Ед.гермозоны","STULZ ASU 321A 3 шт. (инв. 130017360019
130017360020
130017360021)",Кондиционер,180,2026-06-19,Галиев Д.Р.
"Усть-Каменогорск, АМТС/Ед.гермозоны",Заземляющее устройство,ЩПТ/ВУ,365,2026-03-19,Галиев Д.Р.
